Section,Category,#,Question,Response Type,Response,Rating Guide (if applicable),Comments,Rating 1,Rating 2,Rating 3,Rating 4,Rating 5
Tenant Lifecycle Management,Onboarding automation,1,How do you manage the onboarding of your customers to your service?,Rating,,,,"Customer onboarding relies entirely on manual processes without documented procedures, requiring operations teams to manually provision tenant accounts, configure access controls, and update core systems including user management and billing systems. New tenant provisioning is ad-hoc and inconsistent, often taking days or weeks to complete with high risk of configuration errors and security gaps.","Onboarding processes are documented through standard operating procedures with manual data collection and provisioning workflows managed by dedicated operations teams. Customer information is manually entered into service systems and core systems of record including identity management, billing platforms, and tenant configuration databases with basic validation and approval workflows.","Onboarding processes are fully documented and largely automated through integration APIs and workflow orchestration tools that automatically collect customer information and provision tenant resources. Automated provisioning includes tenant database creation, user account setup, service tier configuration, and integration with core systems of record with minimal manual intervention required only for complex customizations.","Onboarding process is fully automated and exposed as a self-service capability through customer portals or APIs, enabling tenants to provision their own environments with real-time resource allocation and configuration. Automated workflows handle tenant isolation setup, service tier provisioning, billing integration, and compliance policy application with immediate service activation and comprehensive onboarding analytics.","Onboarding process performance is continuously optimized through comprehensive KPI monitoring including time-to-value metrics, customer satisfaction scores (CSAT), conversion rates, and operational efficiency measurements. Advanced analytics drive automated A/B testing of onboarding flows, predictive resource provisioning based on tenant characteristics, and machine learning-powered optimization of the customer experience with real-time feedback loops."
Tenant Lifecycle Management,Tenant updates automation,2,How do you update the infrastructure and dependencies used by your tenants after their initial deployment ?,Rating,,,,"Tenant updates are performed manually through scheduled maintenance windows requiring extended service downtime lasting several hours to days, occurring only a few times per year due to operational complexity.
Updates are limited to basic software patches and tooling upgrades applied through manual deployment processes without automated rollback capabilities, creating significant business disruption and operational risk for both providers and tenants.","Tenant updates primarily focus on software and tooling upgrades that are manually deployed with planned service downtime, while infrastructure updates require complete environment rebuilds involving complex tenant data migration projects.
Infrastructure modernization is treated as major customer-facing initiatives requiring extensive planning, coordination, and project management with dedicated migration teams and extended timelines spanning weeks or months.","Tenant updates may require planned service downtime with software and tooling updates largely automated through CI/CD pipelines and deployment orchestration tools.
Infrastructure updates remain predominantly manual processes requiring operations teams to coordinate resource provisioning, configuration management, and data migration with basic automation for routine tasks but manual intervention for complex infrastructure changes.","Tenant updates may require brief planned service downtime with fully automated software and tooling deployment pipelines enabling on-demand updates through blue-green deployments and canary releases.
Infrastructure updates are predominantly automated through infrastructure-as-code templates, automated provisioning workflows, and orchestrated migration processes with minimal manual intervention required only for complex customizations or edge cases.","Tenant updates are automatically deployed according to predefined maintenance windows and SLA agreements with customers, utilizing zero-downtime deployment strategies including rolling updates, feature flags, and automated rollback mechanisms. Infrastructure updates are fully automated and deployed on-demand through advanced orchestration platforms that handle resource provisioning, configuration drift detection, automated testing, and seamless tenant migration with comprehensive monitoring and automated incident response."
Tenant Lifecycle Management,Decommissioning automation,3,How do you manage the decommissioning of your customers from your service?,Rating,,,,"Customer decommissioning lacks defined processes or procedures, resulting in tenant data and infrastructure resources remaining indefinitely in the system without cleanup or removal. Customer records persist across all core systems including user management, billing platforms, and service databases, creating ongoing storage costs, security risks, and compliance violations with no systematic approach to data retention or deletion.","Decommissioning processes are partially documented through basic procedures that require manual operations teams to selectively delete tenant data from primary service databases while preserving records in core systems. Manual data deletion is inconsistent and incomplete, often missing associated resources like file storage, cached data, and integrated system records, leading to data sprawl and potential compliance issues.","Decommissioning processes are fully documented with comprehensive procedures covering tenant data deletion, infrastructure resource cleanup, and core system record management executed primarily through manual operations. Manual workflows include systematic removal of tenant databases, storage buckets, user accounts, and billing records with verification steps and audit trails, though execution remains time-intensive and prone to human error.","Decommissioning processes are fully documented and implemented through automated workflows that orchestrate tenant resource cleanup across service infrastructure, data stores, and integrated systems. Automated decommissioning includes scheduled data deletion, infrastructure resource deprovisioning, account deactivation, and core system record archival with compliance-driven retention policies and comprehensive audit logging.","Decommissioning process performance is continuously optimized through comprehensive KPI monitoring including cleanup completion times, cost recovery metrics, compliance adherence rates, and operational efficiency measurements. Advanced analytics drive automated optimization of decommissioning workflows, predictive resource cleanup scheduling, and machine learning-powered identification of orphaned resources with real-time performance dashboards and continuous process improvement."
Tenant Isolation Management,Data Isolation,4,How do you ensure that the data and infrastructure resources of one tenant are not visible to other tenants?,Rating,,,,"Data isolation relies primarily on application-level controls with tenant-scoped queries, row-level security policies, and database constraints. Manual processes are used to verify tenant separation, with limited automation for compliance monitoring.","Infrastructure resources are statically isolated using dedicated boundaries (AWS Accounts, VPCs, database instances) with standardized deployment templates. Isolation decisions are made at onboarding time based on tenant tier, with limited ability to change isolation levels post-deployment.",Service infrastructure uses configurable isolation patterns that combine shared and dedicated resources based on tenant requirements and compliance needs. Isolation strategies are defined through infrastructure-as-code templates with some runtime flexibility for resource allocation.,"Service control plane automatically select and provision appropriate isolation mechanisms at runtime using policy-driven decisions based on tenant service tiers, workload patterns, compliance requirements, and cost optimization goals.","Tenants can select their preferred isolation level through service tiers, with the system dynamically provisioning and managing the appropriate isolation mechanisms (from logical separation to dedicated infrastructure) while automatically applying tenant-scoped policies."
Tenant Isolation Management,Resource Performance,5,How do you manage the potential impact of one tenant usage on the performance of the service for other tenants?,Rating,,,,"All tenants share the same underlying infrastructure with no resource isolation, performance boundaries, or usage monitoring between tenant workloads. Service performance relies on over-provisioned shared resources with no SLA enforcement, allowing unlimited resource consumption that can impact overall system performance for all tenants.",Basic quotas and rate limits are applied to shared infrastructure components to prevent global outages and cost overruns. Service over-usage is managed through application-level errors and degrade user experience during resource contention scenarios.,Service resource over-usage is automatically detected through monitoring systems. Application leverages retry mechanisms to preserve user experience.,Auto-scaling and load-balancing mechanisms are implemented across application nodes with dynamic resource allocation based on demand patterns. Infrastructure automatically scales compute resources and distributes workloads to maintain performance levels during peak usage periods.,"Resource consumption and isolation is comprehensively managed and monitored at the tenant level using dedicated resource pools and performance boundaries. SLA enforcement is implemented for every resource type including compute, storage, network, and application-level resources, ensuring complete tenant isolation with guaranteed performance levels and automated remediation of resource contention issues."
Tenant Isolation Management,Solution Customization,6,How do you manage customizations in your service?,Rating,,,,"Service customization is only available when tenants use dedicated infrastructure with isolated deployment environments, requiring manual operations by service teams. Custom configurations are tightly coupled to infrastructure provisioning, creating deployment bottlenecks and negatively impacting service lifecycle agility.","Service customization is limited to predefined areas with basic configuration options and no formal contracts or schemas governing customization boundaries. Documentation coverage is incomplete, and service migrations may break existing customizations due to lack of backward compatibility guarantees.","Customization capabilities are governed by formal contracts and schemas that are versioned and managed through established lifecycle processes. Most customization points require direct service modifications as they do not follow inversion of control patterns, though change management processes ensure some backward compatibility.",Most customization points implement inversion of control patterns enabling tenant administrators to install and manage custom components independently through standardized interfaces. Tenant-specific customizations can be deployed and managed without requiring service team intervention for routine configuration changes.,"Service customization is fully isolated per tenant regardless of infrastructure sharing model, supporting both shared and dedicated scenarios through comprehensive inversion of control patterns. Customization hooks use documented, versioned APIs that are automatically managed through tenant administration interfaces with full lifecycle support including rollback capabilities."
Billing and Metering,Service usage metrics,7,How do you measure the usage of your service?,Rating,,,,Service usage is not metered.,"Service usage is metered on some endpoints (API) and for some internal resources (compute, storage, database...)",Most service endoints (e.g. APIs) are metered as well as some internal resources. Some internal dashboards provide metrics (mostly technical) on service usage.,Service metering insights (technical and business) are available in internal dashboards. A few metrics (business or technical) are also available to the tenant administrator.,Service detailed metering is available per tenant and provides detailed insights on how service components are used. Metering dashboards are available across the organization as well as to the tenant administrator.
Billing and Metering,Service usage limits,8,How do you enforce the usage of your service within a range?,Rating,,,,No limit enforced.,Some limits are enforced globally (for all tenants) to protect the shared infrastructure.,Some limits are described in service tiers and usage against these limits is monitored. Manual actions are taken with the tenant if over use is detected.,"Some limits are defined and enforced at an infrastructure resource level (compute, storage...).",Service endpoints and internal resource usage are metered and limits are applied/enforced per tenant at an infrastructure level. Limits are documented in service tiers. Over usage is signaled to the tenant.
Billing and Metering,Billing events management,9,How do you map the usage of your tenants to their service fee?,Rating,,,,"Service fees are computed based on a single fixed monthly or annual subscription rate for all tenants. Over-usage is not monitored or billed, leading to potential revenue loss. Tiering is non-existent, with all customers charged the same flat rate regardless of usage patterns.","Service fees incorporate basic usage metrics such as active user count or storage volume, calculated at the end of each billing cycle. Over-usage beyond a predefined threshold triggers alerts, but additional charges are manually calculated and added to invoices.","Service fees are computed based on actual usage across multiple dimensions (e.g., API calls, data processed, storage). Automated over-usage billing applies pre-defined rates for consumption beyond plan limits. Several pricing tiers are supported, each with distinct usage limits and overage rates.","Service fees are calculated using precise tracking of resource consumption, including time-based metrics and feature-specific usage. Over-usage charges are prorated and applied in real-time, with automated notifications to customers. Tiering model includes multiple plan options with varying combinations of resource allocations and feature access.","Service fees are computed using a sophisticated rules engine that accounts for complex usage scenarios, volume discounts, and usage commitments. Over-usage management includes flexible thresholds, grace periods, and tiered overage rates. Extensive tiering framework supports multiple product lines, add-ons, and usage-based feature activation within each tier."
Billing and Metering,Cost Management,10,How do you monitor and manage the cost of your tenants?,Rating,,,,"Cloud costs are not actively monitored or tracked across services. Financial visibility is limited to monthly billing statements with no systematic cost analysis or optimization efforts. Cost management is reactive, typically triggered only by unexpected billing alerts or budget overruns.",Service costs are reviewed periodically by financial teams using basic cloud billing reports and cost management dashboards. Monthly or quarterly cost reviews focus on overall spending trends with limited service-level granularity. Cost allocation relies on manual processes and basic resource tagging strategies.,Service costs are systematically reviewed by dedicated FinOps teams on a recurring basis using established cost management processes and tools. Basic cost optimization strategies are implemented including Reserved Instances and Savings Plans. Cost tracking uses standardized tagging policies with some automation for cost allocation and reporting.,"Service costs are closely monitored at both service and tenant levels using automated cost tracking and allocation systems. Engineering teams actively collaborate with FinOps to monitor and optimize costs through multiple approaches including financial optimization ( Reserved Instances, Spot instances), architectural optimization (serverless adoption, resource rightsizing), and operational optimization. Per-tenant cost analysis enables detailed cost attribution and chargeback models.","Cost efficiency is comprehensively measured and managed at service and tenant levels with full cost attribution and optimization automation. Engineering teams integrate cost optimization into development workflows with predictive cost modeling, automated resource optimization based on usage patterns, and dynamic cost allocation. Advanced tenant-level cost analysis drives pricing strategies, service tier optimization, and automated cost-based scaling decisions."
"Operations, Metrics & Analytics",Tenant resources scaling,11,How do you manage the allocation of the resources supporting your service?,Rating,,,,"Service resources are statically provisioned with fixed sizing and capacity allocations. Resource utilization is not actively monitored or tracked, leading to potential over-provisioning or performance issues. Capacity planning relies on initial estimates with no systematic approach to optimization or adjustment based on actual usage patterns.",Service resources are periodically reviewed through manual capacity planning processes to identify over-provisioned or under- provisioned resources. Resource sizing adjustments are made during scheduled maintenance windows based on historical usage analysis and performance metrics collected over extended periods. Capacity changes require manual intervention and planning cycles.,"Service resources support horizontal scaling through manual node management with capacity adjustments performed by operations teams when needed. Node sizing and scaling decisions are based on historical usage patterns, performance metrics, and predictive analysis. Infrastructure provisioning uses standardized templates with some automation for resource deployment and configuration.","Service resources support automatic horizontal scaling with nodes dynamically added or removed based on real-time demand and predefined scaling policies. Resource allocation uses automated monitoring and alerting systems that trigger scaling actions based on CPU, memory, and custom application metrics. Load balancing and resource distribution are managed automatically across available nodes.","Service resources are predominantly serverless with capacity automatically adjusted to match demand in real-time. Storage, compute, and networking resources scale dynamically without manual intervention using cloud-native services and auto-scaling mechanisms. Resource allocation is optimized continuously based on usage patterns, cost efficiency, and performance requirements with minimal operational overhead."
"Operations, Metrics & Analytics",Service and tenant administration,12,"How do you manage, control and monitor in a unified way your service and tenants?",Rating,,,,"No centralized tooling or standardized processes exist for managing tenant operations, requiring manual configuration of logs, user management, metrics, and monitoring within each tenant environment. Administrative tasks are performed individually per tenant using native cloud console interfaces or basic scripting with no cross-tenant visibility or operational consistency.","Basic tenant-specific tooling is deployed within each tenant environment to manage local operations such as logging configuration, user provisioning, and basic monitoring setup. Manual operations remain the primary approach for most administrative tasks with limited automation and no unified management capabilities across multiple tenants.","Tenant administration tooling provides partial unification across tenants with some automated workflows for common operations like user onboarding, log aggregation, and basic metrics collection. Manual intervention is still required for complex administrative tasks, tenant-specific configurations, and troubleshooting scenarios that fall outside automated processes.","Comprehensive tenant administration tooling offers mostly unified management capabilities with extensive automation for user management, monitoring configuration, log aggregation, and operational workflows. Manual operations are minimized to exceptional cases and complex troubleshooting scenarios, with most routine administrative tasks handled through automated processes and standardized tooling.","Tenants are administered through a fully unified control plane that provides comprehensive management capabilities across all tenants and deployment patterns including automated onboarding, identity management, monitoring, logging, and operational workflows. All administrative operations are automated with self-service capabilities, centralized policy enforcement, and complete operational visibility across the entire tenant ecosystem."
"Operations, Metrics & Analytics",Tenant observability,13,What level of observability do you have on your service?,Rating,,,,Service infrastructure monitoring is limited to basic low-level metrics such as compute utilization and memory consumption without correlation to business outcomes. Observability relies on default cloud provider monitoring tools with minimal customization or tenant-specific visibility.,"Key service metrics are defined and collected primarily from infrastructure components, focusing on technical performance indicators. Operations and support teams have access to these metrics through basic dashboards, but visibility is limited to system-level performance without business context.","Service operational dashboards provide comprehensive technical SLA monitoring including response times, error rates, and availability metrics available to operations, engineering, and support teams. Dashboards focus primarily on technical service health with limited business metric integration and basic alerting capabilities.","Service operational dashboards integrate both technical and business SLA metrics shared across engineering, operations, and business teams. Cross-functional visibility enables correlation between technical performance and business outcomes with automated alerting and incident response workflows.","Service operational dashboards provide comprehensive business and technical metrics with both global service visibility and granular per-tenant observability including usage patterns, performance characteristics, and cost attribution. Advanced analytics enable tenant-specific SLA tracking with real-time business impact assessment."
DevOps Governance,Dynamic environments,14,How do you manage your different environments?,Rating,,,,Workloads are manually deployed to cloud environments. Dev/test environments are always up & running. Production deployments are centralized.,Cloud deployments use some level of automation but most operations are still manual and error prone.,Infrastructure as Code is used to automatically provision/update/destroy cloud resources for most environments. Environment drift may occur and is manually remediated. Ephemeral environments are used for dev/test purposes in a self-service consumption model.,Environnment resources drift is detected and automatically remediated. Manual operations are the exception.,"Prod/NonProd Deployments are self-service, fully automated and occur multiple times per day. Environments are automatically updated. Rollbacks are automated. Deployment metrics (frequency, lead time for change...) are monitored in dedicated dashboards."
DevOps Governance,Team collaboration,15,What is the level of collaboration between product development and cloud operations teams?,Rating,,,,Product build artifacts are published to a central repository. Operations teams source artifacts from it and deploy them to different environments.,Operations teams deploy the product the same way as their customers do leveraging product documentation and best practices.,Operations teams deploy the solution according to documented reference architectures.,Operations people are embedded into development teams to manage product/service operations.,Product teams manage development and operations of their own scope according to Dev(Sec)Ops practices.
DevOps Governance,Software delivery,16,How do you manage the performance of your end to end software delivery flow from integration to deployment?,Rating,,,,Product builds are triggered manually. Test campaigns are mostly manual.,Product builds are mostly automated. Some level of testing is automated and is used to automatically validate product builds.,"Product builds are automated, triggered multiple times per day and include automated functional testing. Team Dashboards include builds statistics and test coverage reports.","Continuous delivery includes automated testing covering non-regression, functional and performance testing.","Continuous delivery and deployment, multiple times per day. Automated testing may include chaos monkey experiments and infrastructure failures simulation."
